paddingRequest,paddingRequest_size,paddingResponse,paddingResponse_size,payoutRequest,payoutRequest_size,payoutVerify,payoutVerify_size
55,2631,132.0000000000291,2601,1732,16138,571,474
48,2631,131,2601,1749,16133,572,474
47,2631,131,2601,1726,16136,571,474
48,2631,131,2601,1741,16130,572,474
48,2631,131,2601,1737.000000000029,16132,571,474
48,2631,131,2601,1738,16130,572,474
47,2631,132,2601,1736,16132,572,474
48,2631,131,2601,1713,16131,572,474
47,2631,132,2601,1711,16133,574,474
47,2631,131,2601,1725,16134,572,474
48,2631,131,2601,1723,16129,572,474
48,2631,131,2601,1728,16130,570.9999999999709,474
48.000000000029104,2631,131,2601,1712.999999999971,16138,572,474
47,2631,131,2601,1723.999999999971,16126,571,474
47,2631,132,2601,1724,16132,572,474
48,2631,131,2601,1726,16137,571,474
48,2631,131,2601,1712,16126,575,474
48,2631,131,2601,1725,16135,571,474
48,2631,131,2601,1725,16129,571,474
48,2631,132,2601,1729,16130,572,474